url,old,new
https://nmgtechnologies.com/,"IT Outsource Software, Web & Mobile App Development Company - NMG",Nmgtechnologies.Com | NMG Technologies
https://nmgtechnologies.com/agentic-ai,Agentic AI Consulting Services | Expert AI Development & Integration,Agentic Ai | NMG Technologies
https://nmgtechnologies.com/ai-driven-enterprise-software-development,Enterprise AI Solutions | AI Software and Development Company,Ai Driven Enterprise Software Development | NMG Technologies
https://nmgtechnologies.com/ai-enhanced-web-mobile-application-development,AI App Development Services | Custom Artificial Intelligence Applications,Ai Enhanced Web Mobile Application Development | NMG Technologies
https://nmgtechnologies.com/ai-optimized-ecommerce-solutions,AI-Powered Ecommerce | Advanced AI Solutions for Online Retail,Ai Optimized Ecommerce Solutions | NMG Technologies
https://nmgtechnologies.com/ai-powered-business-process-transformation,AI Powered Service | Innovative AI-Driven Solutions for Business,Ai Powered Business Process Transformation | NMG Technologies
https://nmgtechnologies.com/blog,Blog,Blog | NMG Technologies
https://nmgtechnologies.com/blog/advantages-of-asp-net-core,.NET Core: 20 Advantages of Building Your Software in ASP.NET Core |,Advantages Of Asp Net Core | NMG Technologies
https://nmgtechnologies.com/blog/author/nishtha,Blog | Nishtha,Nishtha | NMG Technologies
https://nmgtechnologies.com/blog/best-practices-offshore-software-development,Best Practices of Offshore Software Development Company (2022),Best Practices Offshore Software Development | NMG Technologies
https://nmgtechnologies.com/blog/how-to-build-an-app-like-uber,How To Build an App like Uber - Mobile App Development | NMG,How To Build An App Like Uber | NMG Technologies
https://nmgtechnologies.com/blog/nmg-technologies-made-list-top-mobile-app-development-companies-goodfirms,NMG Made It on the List of Top Mobile App Development Companies at GoodFirms,Nmg Technologies Made List Top Mobile App Development Companies Goodfirms | NMG Technologies
https://nmgtechnologies.com/blog/nmg-technologies-participated-in-softwave-2023-the-republic-of-korea-software-exhibition,"NMG Technologies Participated in Softwave 2023, The Republic of Korea Software Exhibition",Nmg Technologies Participated In Softwave 2023 The Republic Of Korea Software Exhibition | NMG Technologies
https://nmgtechnologies.com/blog/nmg-technologies-to-participate-in-leap-2023-tech-conference-in-riyadh-saudi-arabia,"NMG Technologies to Participate in LEAP 2023 Tech Conference in Riyadh, Saudi Arabia",Nmg Technologies To Participate In Leap 2023 Tech Conference In Riyadh Saudi Arabia | NMG Technologies
https://nmgtechnologies.com/blog/nmg-technologies-to-participate-in-mobile-word-capital-barcelona-the-worlds-largest-and-most-influential-connectivity-event,NMG Technologies to Participate in Mobile Word Capital Barcelona – the world’s largest and most influential connectivity event,Nmg Technologies To Participate In Mobile Word Capital Barcelona The Worlds Largest And Most Influential Connectivity Event | NMG Technologies
https://nmgtechnologies.com/blog/nmg-technologies-to-participate-in-retail-innovation-conference-and-expo-2023-in-chicago,NMG Technologies to Participate in Retail Innovation Conference and Expo 2023 in Chicago,Nmg Technologies To Participate In Retail Innovation Conference And Expo 2023 In Chicago | NMG Technologies
https://nmgtechnologies.com/blog/nmg-technologies-to-sponsor-and-exhibit-at-brighton-seo-2023-and-online-pr-show-2023,NMG Technologies to Sponsor and Exhibit at Brighton SEO 2023 and Online PR Show 2023,Nmg Technologies To Sponsor And Exhibit At Brighton Seo 2023 And Online Pr Show 2023 | NMG Technologies
https://nmgtechnologies.com/blog/nmg-to-participate-in-the-largest-tech-expo-in-the-middle-east-gitex-global-2022-dubai,"NMG to Participate in the Largest Tech Expo in the Middle East - GITEX Global 2022, Dubai",Nmg To Participate In The Largest Tech Expo In The Middle East Gitex Global 2022 Dubai | NMG Technologies
https://nmgtechnologies.com/blog/nmg-to-participate-in-the-largest-tech-expo-in-the-middle-east-gitex-global-2023-dubai,"NMG to Participate in the Largest Tech Expo in the Middle East - GITEX Global 2023, Dubai",Nmg To Participate In The Largest Tech Expo In The Middle East Gitex Global 2023 Dubai | NMG Technologies
https://nmgtechnologies.com/blog/sempo-hangouts-session-user-experience,15 Best Things About Web Design & User Experience in 2019 | NMG,Sempo Hangouts Session User Experience | NMG Technologies
https://nmgtechnologies.com/blog/tag/design,Blog | Design,Design | NMG Technologies
https://nmgtechnologies.com/blog/tag/events,Blog | Events,Events | NMG Technologies
https://nmgtechnologies.com/blog/tag/events/page/2,Blog | Events (2),2 | NMG Technologies
https://nmgtechnologies.com/blog/tag/featured,Blog | Featured,Featured | NMG Technologies
https://nmgtechnologies.com/blog/tag/growth,Blog | Growth,Growth | NMG Technologies
https://nmgtechnologies.com/blog/tag/marketing,Blog | Marketing,Marketing | NMG Technologies
https://nmgtechnologies.com/blog/tag/mobile,Blog | Mobile,Mobile | NMG Technologies
https://nmgtechnologies.com/blog/tag/outsourcing,Blog | Outsourcing,Outsourcing | NMG Technologies
https://nmgtechnologies.com/blog/tag/technology,Blog | Technology,Technology | NMG Technologies
https://nmgtechnologies.com/blog/tag/web,Blog | Web,Web | NMG Technologies
https://nmgtechnologies.com/blog/top-wordpress-themes,Top 15 WordPress Theme for Your Business in 2019 | NMG Technologies,Top Wordpress Themes | NMG Technologies
https://nmgtechnologies.com/blog/ui-ux-mobile-app-development,Importance of UI & UX in mobile app development in 2022 | NMG,Ui Ux Mobile App Development | NMG Technologies
https://nmgtechnologies.com/blog/wordpress-website-perfect-solution-small-business,Why WordPress Website Is The Perfect Solution For Your Small Business,Wordpress Website Perfect Solution Small Business | NMG Technologies
https://nmgtechnologies.com/blog/working-from-home-during-the-coronavirus-lockdown,How to Manage Work from home during the coronavirus lockdown | NMG,Working From Home During The Coronavirus Lockdown | NMG Technologies
https://nmgtechnologies.com/clients/case-studies/,Case Studies - Successful Case Studies of Client | NMG Technologies,Case Studies | NMG Technologies
https://nmgtechnologies.com/company/about-us,"About NMG Technologies - Software, Web & Mobile App Development Company",About Us | NMG Technologies
https://nmgtechnologies.com/company/careers/,"Careers - Job Opportunity for Web, Mobile, and Software Developers | NMG Technologies",Careers | NMG Technologies
https://nmgtechnologies.com/company/outsourcing/,Outsourcing Company - Best Outsource Software & Web Development Services | NMG Technologies,Outsourcing | NMG Technologies
https://nmgtechnologies.com/company/process/,Our Successful Design & Development Process | NMG Technologies,Process | NMG Technologies
https://nmgtechnologies.com/company/promise/,"Our Promise: Understand, Build & Measure Client Efficient Solutions | NMG",Promise | NMG Technologies
https://nmgtechnologies.com/contact-us,Contact Us - NMG Technologies,Contact Us | NMG Technologies
https://nmgtechnologies.com/disclaimer,Website Disclaimer,Disclaimer | NMG Technologies
https://nmgtechnologies.com/download-appdevelopmentcost-ebook,Download App Development Cost Ebook for 2019 with Example | NMG Technologies,Download Appdevelopmentcost Ebook | NMG Technologies
https://nmgtechnologies.com/download-content-editorial-calendar,Download Free Content Editorial Calendar Template | NMG Technologies,Download Content Editorial Calendar | NMG Technologies
https://nmgtechnologies.com/download-developmental-checklist,Download Web Development Checklist [Updated 2019] | NMG Technologies,Download Developmental Checklist | NMG Technologies
https://nmgtechnologies.com/get-custom-pricing,Get Custom Pricing & Quote for Development & Marketing Services | NMG Technologies,Get Custom Pricing | NMG Technologies
https://nmgtechnologies.com/industry/fintech,"IT Outsource Software, Web & Mobile App Development Company - NMG",Fintech | NMG Technologies
https://nmgtechnologies.com/industry/healthcare,"IT Outsource Software, Web & Mobile App Development Company - NMG",Healthcare | NMG Technologies
https://nmgtechnologies.com/industry/marketresearch,"IT Outsource Software, Web & Mobile App Development Company - NMG",Marketresearch | NMG Technologies
https://nmgtechnologies.com/industry/staffing,"IT Outsource Software, Web & Mobile App Development Company - NMG",Staffing | NMG Technologies
https://nmgtechnologies.com/industry/travel,"IT Outsource Software, Web & Mobile App Development Company - NMG",Travel | NMG Technologies
https://nmgtechnologies.com/resources/library/,Most Resourceful Content for Businesses to Get Started | NMG Technologies,Library | NMG Technologies
https://nmgtechnologies.com/resources/library/hire-web-developers-guide,The Ultimate Guide to Hire Web Developers in 2023 [Updated] | NMG,Hire Web Developers Guide | NMG Technologies
https://nmgtechnologies.com/services/crm-development,CRM Development Services,Crm Development | NMG Technologies
https://nmgtechnologies.com/services/custom-software-development/,Best Custom Software Development Service Company - 2019 | NMG Technologies.,Custom Software Development | NMG Technologies
https://nmgtechnologies.com/services/custom-software-development/aspnet-development/,Asp.Net Development Services - Hire Asp.Net Web Developers | NMG Technologies,Aspnet Development | NMG Technologies
https://nmgtechnologies.com/services/custom-software-development/php-development/,PHP Development Services - Hire PHP Web Developers | NMG Technologies,Php Development | NMG Technologies
https://nmgtechnologies.com/services/custom-software-development/saas-development/,SaaS App Development Services - Hire #1 SaaS Developers | NMG Technologies,Saas Development | NMG Technologies
https://nmgtechnologies.com/services/dedicated-team-setups/,Dedicated Team Setups,Dedicated Team Setups | NMG Technologies
https://nmgtechnologies.com/services/ecommerce-development/,Ecommerce Web Development Company  | Hire World's Best E-commerce Developer,Ecommerce Development | NMG Technologies
https://nmgtechnologies.com/services/erp-development,ERP Development,Erp Development | NMG Technologies
https://nmgtechnologies.com/services/it-consulting/,IT Consulting Services - Best IT Consultant Firm For Your Business,It Consulting | NMG Technologies
https://nmgtechnologies.com/services/mobile-application-development,#1 Mobile App Development Services - Hire  App Developers | NMG Technologies,Mobile Application Development | NMG Technologies
https://nmgtechnologies.com/services/mobile-application-development/android-app-development,Android App Development Company - Hire Android Developers | NMG Technologies,Android App Development | NMG Technologies
https://nmgtechnologies.com/services/mobile-application-development/ios-app-development/,iPhone App Development Company - Hire iOS App Developers | NMG Technologies,Ios App Development | NMG Technologies
https://nmgtechnologies.com/services/mobile-application-development/tablet-app-development/,Tablet App Development Services - Hire Tablet App Developers | NMG Technologies,Tablet App Development | NMG Technologies
https://nmgtechnologies.com/services/shopify,Shopify Development,Shopify | NMG Technologies
https://nmgtechnologies.com/services/user-interface-design/,User Interface (UI) Design Services - Hire Experienced UI/UX Designers,User Interface Design | NMG Technologies
https://nmgtechnologies.com/services/user-interface-design/mobile-design/,Mobile App Design Services - Hire Mobile App Designers Company,Mobile Design | NMG Technologies
https://nmgtechnologies.com/services/web-development,Web Development,Web Development | NMG Technologies
https://nmgtechnologies.com/sitemap,Sitemap - NMG Technologies,Sitemap | NMG Technologies
https://nmgtechnologies.com/solution/artificial-intelligence/,AI Software Development - #1 Artificial Intelligence Development Company,Artificial Intelligence | NMG Technologies
https://nmgtechnologies.com/solution/augmented-reality/,Augmented Reality Apps Development Services - IT Staff Augmentation Developers,Augmented Reality | NMG Technologies
https://nmgtechnologies.com/solution/blockchain,Blockchain Software & App Development Services - Hire Blockchain Developers,Blockchain | NMG Technologies
https://nmgtechnologies.com/solution/cloud-apps/,Cloud Application Development Services - Cloud App Migration Company,Cloud Apps | NMG Technologies
https://nmgtechnologies.com/solution/fintech/,Fintech Apps & Software Development Services - Hire Fintech Developers,Fintech | NMG Technologies
https://nmgtechnologies.com/solution/portals/,Web Portal Development Services - Ecommerce Portal Apps for Business,Portals | NMG Technologies
https://nmgtechnologies.com/success-stories,Case Studies - Successful Case Studies of Client | NMG Technologies,Success Stories | NMG Technologies
https://nmgtechnologies.com/success-stories/competiscan,"IT Outsource Software, Web & Mobile App Development Company - NMG",Competiscan | NMG Technologies
https://nmgtechnologies.com/success-stories/compound-banc,"IT Outsource Software, Web & Mobile App Development Company - NMG",Compound Banc | NMG Technologies
https://nmgtechnologies.com/success-stories/international-insurance,"IT Outsource Software, Web & Mobile App Development Company - NMG",International Insurance | NMG Technologies
https://nmgtechnologies.com/success-stories/wealth-concert,"IT Outsource Software, Web & Mobile App Development Company - NMG",Wealth Concert | NMG Technologies
https://nmgtechnologies.com/wordpress-development,WordPress Development,Wordpress Development | NMG Technologies
https://nmgtechnologies.com/work/ecommerce/,Ecommerce Website Design & Development Portfolio | NMG Technologies,Ecommerce | NMG Technologies
